{ "type" : "string", "ident" : "string", "lat" : "string", "lon" : "string", "clock" : "string", "id" : "string", "rowKey" : "string", "tableName" : "string", "updateType" : "string", "air_ground" : "string", "facility_hash" : "string", "facility_name" : "string", "alt" : "string", "gs" : "string", "heading" : "string", "rp1lat" : "string", "rp1lon" : "string", "rp1alt" : "string", "rp1clock" : "string", "squawk" : "string", "hexid" : "string", "fob" : "string", "oat" : "string", "airspeed_kts" : "string", "airspeed_mach" : "string", "winds" : "string", "eta" : "string", "baro_alt" : "string", "gps_alt" : "string", "atcident" : "string", "reg" : "string" }