[ {"enrichName":"latlongTolocation","order":1,"removeInput":"false","override":"false","extractPath":"","outputField":"location","otherParams":"","inputFields":"lat,lon"}, {"enrichName":"dimension_table","order":2,"removeInput":"false","override":"false","extractPath":"","outputField":"Airports","otherParams":"table=FLIGHTAWARE_ORIGDEST","inputFields":"id"}, {"enrichName":"N_Number","order":3,"removeInput":"false","override":"false","extractPath":"","outputField":"n_number","otherParams":"","inputFields":"ident,reg"}, {"enrichName":"dimension_table","order":4,"removeInput":"false","override":"false","extractPath":"","outputField":"aircraft","otherParams":"table=AIRCRAFT_LOOKUP","inputFields":"n_number"}, {"enrichName":"dimension_table","order":5,"removeInput":"false","override":"true","extractPath":"","outputField":"aircraft.type_registrant","otherParams":"table=TYPE_REGISTRANT","inputFields":"aircraft.type_registrant"}, {"enrichName":"dimension_table","order":6,"removeInput":"false","override":"true","extractPath":"","outputField":"aircraft.region","otherParams":"table=REGISTRANT_REGION","inputFields":"aircraft.region"}, {"enrichName":"dimension_table","order":7,"removeInput":"false","override":"true","extractPath":"","outputField":"aircraft.type_aircraft","otherParams":"table=TYPE_AIRCRAFT","inputFields":"aircraft.type_aircraft"}, {"enrichName":"dimension_table","order":8,"removeInput":"false","override":"true","extractPath":"","outputField":"aircraft.type_engine","otherParams":"table=TYPE_ENGINE","inputFields":"aircraft.type_engine"}, {"enrichName":"dimension_table","order":9,"removeInput":"false","override":"true","extractPath":"","outputField":"aircraft.status_code","otherParams":"table=STATUS_CODE","inputFields":"aircraft.status_code"} ]