{ "type" : "get(type)", "ident" : "get(ident)", "lat" : "get(lat)", "lon" : "get(lon)", "clock" : "get(clock)", "id" : "get(id)", "rowKey" : "=uuid", "tableName" : "=FD_Position", "updateType" : "get(updateType)", "air_ground" : "get(air_ground)", "facility_hash" : "get(facility_hash)", "facility_name" : "get(facility_name)", "alt" : "get(alt)", "gs" : "get(gs)", "heading" : "get(heading)", "rp1lat" : "get(rp1lat)", "rp1lon" : "get(rp1lon)", "rp1alt" : "get(rp1alt)", "rp1clock" : "get(rp1clock)", "squawk" : "get(squawk)", "hexid" : "get(hexid)", "fob" : "get(fob)", "oat" : "get(oat)", "airspeed_kts" : "get(airspeed_kts)", "airspeed_mach" : "get(airspeed_mach)", "winds" : "get(winds)", "eta" : "get(eta)", "baro_alt" : "get(baro_alt)", "gps_alt" : "get(gps_alt)", "atcident" : "get(atcident)", "reg" : "get(reg)" }