{ "timestamp" : "get(TIMESTAMP)", "latitude" : "get(LAT)", "longitude" : "get(LON)", "altitude" : "none", "speed" : "get(SPEED)", "heading" : "get(COURSE)", "vehicle_id" : "get(CALLSIGN)", "vehicle_name" : "get(SHIPNAME)", "vehicle_type" : "get(SHIPTYPE)", "vehicle_length" : "get(LENGTH)", "aircraft_flight_id" : "none", "vehicle_width" : "get(WIDTH)", "vehicle_country" : "get(FLAG)", "vehicle_year_built" : "get(YEAR_BUILT)", "trip_id" : "none", "trip_origin" : "get(LAST_PORT)", "trip_destination" : "get(DESTINATION)", "trip_eta" : "get(ETA)", "aircraft_air_ground" : "none", "aircraft_alt_change" : "none", "aircraft_fob" : "none", "aircraft_oat" : "none", "aircraft_airspeed_kts" : "none", "aircraft_airspeed_mach" : "none", "aircraft_winds" : "none", "boat_mmsi" : "get(MMSI)", "boat_imo" : "get(IMO)", "boat_draught" : "get(DRAUGHT)", "boat_grt" : "get(GRT)", "boat_dwt" : "get(DWT)" }