{ "type" : "get(type)", "ident" : "get(ident)", "status" : "get(status)", "orig" : "get(orig)", "dest" : "get(dest)", "edt" : "get(edt)", "eta" : "get(eta)", "ete" : "get(ete)", "id" : "get(id)", "tableName" : "=FD_Flightplan", "rowKey" : "=uuid", "aircrafttype" : "get(aircrafttype)", "suffix" : "get(suffix)", "reg" : "get(reg)", "speed" : "get(speed)", "alt" : "get(alt)", "waypoints" : "get(waypoints)", "facility_hash" : "get(facility_hash)", "facility_name" : "get(facility_name)", "prefix" : "get(prefix)", "4d_waypoints" : "get(4d_waypoints)", "route" : "get(route)", "atcident" : "get(atcident)" }