{ "timestamp" : "string", "latitude" : "string", "longitude" : "string", "altitude" : "string", "speed" : "string", "heading" : "string", "vehicle_id" : "string", "vehicle_name" : "string", "vehicle_type" : "string", "vehicle_length" : "string", "aircraft_flight_id" : "string", "vehicle_width" : "string", "vehicle_country" : "string", "vehicle_year_built" : "string", "trip_id" : "string", "trip_origin" : "string", "trip_destination" : "string", "trip_eta" : "string", "aircraft_air_ground" : "string", "aircraft_alt_change" : "string", "aircraft_fob" : "string", "aircraft_oat" : "string", "aircraft_airspeed_kts" : "string", "aircraft_airspeed_mach" : "string", "aircraft_winds" : "string", "boat_mmsi" : "string", "boat_imo" : "string", "boat_draught" : "string", "boat_grt" : "string", "boat_dwt" : "string" }