[ {"parserParams":[{"type":"java.lang.String","name":"default-access-label","value":"UNCLASSIFIED"},{"type":"java.lang.String","name":"default-source","value":"UNKNOWN"}],"inputFields":["ident","lat","lon","clock","id","updateType","air_ground","facility_hash","facility_name","pitr","reg","alt","altChange","gs","heading","rp1lat","rp1lon","rp1alt","rp1lclock","squawk","hexid","fob","oat","airspeed_kts","airspeed_mach","winds","eta","baro_alt","gps_alt","atcident"],"name":"flightData","parser":"JSONParser"}, {"parserParams":[{"type":"boolean","name":"quoted-record","value":"false"},{"type":"java.lang.String","name":"mode","value":"Parse"},{"type":"boolean","name":"stop-on-missing-field","value":"false"},{"type":"java.lang.String","name":"default-access-label","value":"UNCLASSIFIED"},{"type":"java.lang.String","name":"default-source","value":"UNKNOWN"},{"type":"java.lang.String","name":"delimiter","value":","}],"inputFields":["MMSI","LAT","LON","SPEED","COURSE","TIMESTAMP","SHIPNAME","SHIPTYPE","IMO","CALLSIGN","FLAG","CURRENT_PORT","LAST_PORT","LAST_PORT_TIME","DESTINATION","ETA","LENGTH","WIDTH","DRAUGHT","GRT","DWT","YEAR_BUILT"],"name":"marineData","parser":"CsvParser"} ]