{ "timestamp" : "get(clock)", "latitude" : "get(lat)", "longitude" : "get(lon)", "altitude" : "get(alt)", "speed" : "get(gs)", "heading" : "get(heading)", "vehicle_id" : "get(reg)", "vehicle_name" : "none", "vehicle_type" : "none", "vehicle_length" : "none", "aircraft_flight_id" : "get(ident)", "vehicle_width" : "none", "vehicle_country" : "none", "vehicle_year_built" : "none", "trip_id" : "get(id)", "trip_origin" : "none", "trip_destination" : "none", "trip_eta" : "get(eta)", "aircraft_air_ground" : "get(air_ground)", "aircraft_alt_change" : "get(altChange)", "aircraft_fob" : "get(fob)", "aircraft_oat" : "get(oat)", "aircraft_airspeed_kts" : "get(airspeed_kts)", "aircraft_airspeed_mach" : "get(airspeed_mach)", "aircraft_winds" : "get(winds)", "boat_mmsi" : "none", "boat_imo" : "none", "boat_draught" : "none", "boat_grt" : "none", "boat_dwt" : "none" }